backbone,seed,encoder,embedding_dimension,checkpoint_path,checkpoint_sha256,checkpoint_state_container,source_main_results_csv,source_main_results_csv_sha256,threshold_source_column,threshold_val_1pct_fpr,threshold_balacc_val_for_provenance,external_audit_threshold_used,score_function,alert_comparator,checkpoint_manifest_sha256,external_retraining_allowed,external_recalibration_allowed,included_in_external_audit
OpenCLIP,0,OpenCLIP ViT-B/16,512,/mnt/data_2/home/sheharyar/paper1_project/TAM_VLM_OpenCLIP_v3_FREEZE_20260721_033824/results_v3/checkpoints/clip_mlp_seed0.pt,689dd3097952010e966d556b45c98763c09907a40202ea203af242bceed780f0,state_dict,/mnt/data_2/home/sheharyar/paper1_project/TAM_VLM_OpenCLIP_v3_FREEZE_20260721_033824/results_v3/main_5seeds.csv,8ac33772f5fdab3b12aab0c92445c877cf5bd7b367500d0e0c5e24bc1cd81412,threshold_val_1pct_fpr,0.964961588382721,0.48032593727111816,0.964961588382721,sigmoid(MLP_logit),score > external_audit_threshold_used,8a86dfae7ec664b897e4f40b7fd1e401fff0dc40c00c96a0ef9be98c0314a68c,0,0,1
OpenCLIP,1,OpenCLIP ViT-B/16,512,/mnt/data_2/home/sheharyar/paper1_project/TAM_VLM_OpenCLIP_v3_FREEZE_20260721_033824/results_v3/checkpoints/clip_mlp_seed1.pt,1730c98bc04d4f7d7cb8979a08df671721b7372c9d019fa1aea669ad102365ba,state_dict,/mnt/data_2/home/sheharyar/paper1_project/TAM_VLM_OpenCLIP_v3_FREEZE_20260721_033824/results_v3/main_5seeds.csv,8ac33772f5fdab3b12aab0c92445c877cf5bd7b367500d0e0c5e24bc1cd81412,threshold_val_1pct_fpr,0.9672694802284241,0.4591507613658905,0.9672694802284241,sigmoid(MLP_logit),score > external_audit_threshold_used,8a86dfae7ec664b897e4f40b7fd1e401fff0dc40c00c96a0ef9be98c0314a68c,0,0,1
OpenCLIP,2,OpenCLIP ViT-B/16,512,/mnt/data_2/home/sheharyar/paper1_project/TAM_VLM_OpenCLIP_v3_FREEZE_20260721_033824/results_v3/checkpoints/clip_mlp_seed2.pt,e9da69d5ee239743753c0306d56198fc2cedfeb5a62c2012ad19b6686d4faf0c,state_dict,/mnt/data_2/home/sheharyar/paper1_project/TAM_VLM_OpenCLIP_v3_FREEZE_20260721_033824/results_v3/main_5seeds.csv,8ac33772f5fdab3b12aab0c92445c877cf5bd7b367500d0e0c5e24bc1cd81412,threshold_val_1pct_fpr,0.9502437114715576,0.5058066248893738,0.9502437114715576,sigmoid(MLP_logit),score > external_audit_threshold_used,8a86dfae7ec664b897e4f40b7fd1e401fff0dc40c00c96a0ef9be98c0314a68c,0,0,1
OpenCLIP,3,OpenCLIP ViT-B/16,512,/mnt/data_2/home/sheharyar/paper1_project/TAM_VLM_OpenCLIP_v3_FREEZE_20260721_033824/results_v3/checkpoints/clip_mlp_seed3.pt,dbb7ed75b0f6bf258c4a3dda6f6dd12e0a0ad20102b5f454d7e2eedfd5537050,state_dict,/mnt/data_2/home/sheharyar/paper1_project/TAM_VLM_OpenCLIP_v3_FREEZE_20260721_033824/results_v3/main_5seeds.csv,8ac33772f5fdab3b12aab0c92445c877cf5bd7b367500d0e0c5e24bc1cd81412,threshold_val_1pct_fpr,0.9573959708213806,0.43651580810546875,0.9573959708213806,sigmoid(MLP_logit),score > external_audit_threshold_used,8a86dfae7ec664b897e4f40b7fd1e401fff0dc40c00c96a0ef9be98c0314a68c,0,0,1
OpenCLIP,4,OpenCLIP ViT-B/16,512,/mnt/data_2/home/sheharyar/paper1_project/TAM_VLM_OpenCLIP_v3_FREEZE_20260721_033824/results_v3/checkpoints/clip_mlp_seed4.pt,f99cfc12006fee48f6e08894e4ad4c3d27e381127bfba30ccf383421790efcfd,state_dict,/mnt/data_2/home/sheharyar/paper1_project/TAM_VLM_OpenCLIP_v3_FREEZE_20260721_033824/results_v3/main_5seeds.csv,8ac33772f5fdab3b12aab0c92445c877cf5bd7b367500d0e0c5e24bc1cd81412,threshold_val_1pct_fpr,0.9880481958389282,0.6879234910011292,0.9880481958389282,sigmoid(MLP_logit),score > external_audit_threshold_used,8a86dfae7ec664b897e4f40b7fd1e401fff0dc40c00c96a0ef9be98c0314a68c,0,0,1
Qwen3-VL-Embedding-2B,0,Qwen3-VL-Embedding-2B,2048,/mnt/data_2/home/sheharyar/paper1_project/TAM_VLM_CrossModel_Qwen3VL_v1/results/core_evaluation_v1/checkpoints/qwen3vl_mlp_seed0.pt,1ba04adcee60ef660b1650ba842de5e8db4d788a1c938299ca4cadcc616c0a33,state_dict,/mnt/data_2/home/sheharyar/paper1_project/TAM_VLM_CrossModel_Qwen3VL_v1/results/core_evaluation_v1/main_5seeds.csv,b180b1f369090bf56a1670652c0fcf54fef8efa0115d0661fa046c41ab4e136a,threshold_val_1pct_fpr,0.9880643486976624,0.6547459959983826,0.9880643486976624,sigmoid(MLP_logit),score > external_audit_threshold_used,8a86dfae7ec664b897e4f40b7fd1e401fff0dc40c00c96a0ef9be98c0314a68c,0,0,1
Qwen3-VL-Embedding-2B,1,Qwen3-VL-Embedding-2B,2048,/mnt/data_2/home/sheharyar/paper1_project/TAM_VLM_CrossModel_Qwen3VL_v1/results/core_evaluation_v1/checkpoints/qwen3vl_mlp_seed1.pt,ecc7d197fba10502cbcee986e2d6730b1b24647ded59de59ecc99e8d3156aa1b,state_dict,/mnt/data_2/home/sheharyar/paper1_project/TAM_VLM_CrossModel_Qwen3VL_v1/results/core_evaluation_v1/main_5seeds.csv,b180b1f369090bf56a1670652c0fcf54fef8efa0115d0661fa046c41ab4e136a,threshold_val_1pct_fpr,0.9867565631866455,0.5735466480255127,0.9867565631866455,sigmoid(MLP_logit),score > external_audit_threshold_used,8a86dfae7ec664b897e4f40b7fd1e401fff0dc40c00c96a0ef9be98c0314a68c,0,0,1
Qwen3-VL-Embedding-2B,2,Qwen3-VL-Embedding-2B,2048,/mnt/data_2/home/sheharyar/paper1_project/TAM_VLM_CrossModel_Qwen3VL_v1/results/core_evaluation_v1/checkpoints/qwen3vl_mlp_seed2.pt,911f1bf2b7f235b6f548644deefa0bab33c34c4436ec88c823087bc7846fa611,state_dict,/mnt/data_2/home/sheharyar/paper1_project/TAM_VLM_CrossModel_Qwen3VL_v1/results/core_evaluation_v1/main_5seeds.csv,b180b1f369090bf56a1670652c0fcf54fef8efa0115d0661fa046c41ab4e136a,threshold_val_1pct_fpr,0.9639791250228882,0.4079626500606537,0.9639791250228882,sigmoid(MLP_logit),score > external_audit_threshold_used,8a86dfae7ec664b897e4f40b7fd1e401fff0dc40c00c96a0ef9be98c0314a68c,0,0,1
Qwen3-VL-Embedding-2B,3,Qwen3-VL-Embedding-2B,2048,/mnt/data_2/home/sheharyar/paper1_project/TAM_VLM_CrossModel_Qwen3VL_v1/results/core_evaluation_v1/checkpoints/qwen3vl_mlp_seed3.pt,ed86518bb232ae4fdc150e0914cf44b5de27bd9125090cf14342d81927d8edab,state_dict,/mnt/data_2/home/sheharyar/paper1_project/TAM_VLM_CrossModel_Qwen3VL_v1/results/core_evaluation_v1/main_5seeds.csv,b180b1f369090bf56a1670652c0fcf54fef8efa0115d0661fa046c41ab4e136a,threshold_val_1pct_fpr,0.9486538171768188,0.3901287615299225,0.9486538171768188,sigmoid(MLP_logit),score > external_audit_threshold_used,8a86dfae7ec664b897e4f40b7fd1e401fff0dc40c00c96a0ef9be98c0314a68c,0,0,1
Qwen3-VL-Embedding-2B,4,Qwen3-VL-Embedding-2B,2048,/mnt/data_2/home/sheharyar/paper1_project/TAM_VLM_CrossModel_Qwen3VL_v1/results/core_evaluation_v1/checkpoints/qwen3vl_mlp_seed4.pt,94bf22c249223865e72511d2b5dbdace406e4fd2081969639e2745432d2feead,state_dict,/mnt/data_2/home/sheharyar/paper1_project/TAM_VLM_CrossModel_Qwen3VL_v1/results/core_evaluation_v1/main_5seeds.csv,b180b1f369090bf56a1670652c0fcf54fef8efa0115d0661fa046c41ab4e136a,threshold_val_1pct_fpr,0.9958123564720154,0.703495442867279,0.9958123564720154,sigmoid(MLP_logit),score > external_audit_threshold_used,8a86dfae7ec664b897e4f40b7fd1e401fff0dc40c00c96a0ef9be98c0314a68c,0,0,1
